0.460971,-0.423363,0,1.41331,0.67404,1,0.868626,1.23997,2
0.461252,-0.423661,0,1.41345,0.674085,1,0.868237,1.23944,2
0.46117,-0.423573,0,1.41351,0.674116,1,0.867521,1.23844,2
0.461429,-0.42373,0,1.41487,0.674828,1,0.861371,1.23776,2
0.461567,-0.423892,0,1.41335,0.674045,1,0.868054,1.23924,2
0.461443,-0.423746,0,1.41255,0.673635,1,0.861415,1.23783,2
0.461439,-0.423837,0,1.41233,0.673524,1,0.867491,1.23837,2
0.461278,-0.423644,0,1.41298,0.673821,1,0.867843,1.23882,2
0.461704,-0.424095,0,1.41281,0.673761,1,0.861571,1.23803,2
0.461601,-0.423946,0,1.41395,0.674358,1,0.86764,1.23859,2
0.461348,-0.423732,0,1.41434,0.674523,1,0.869576,1.24137,2
0.461527,-0.423905,0,1.41435,0.674516,1,0.868777,1.24019,2
0.461442,-0.42385,0,1.41324,0.67394,1,0.860934,1.2371,2
0.460729,-0.423153,0,1.41398,0.674303,1,0.86046,1.23647,2
0.461484,-0.423848,0,1.41374,0.674214,1,0.868415,1.23969,2
0.461638,-0.423948,0,1.41383,0.67427,1,0.867214,1.23804,2,0.394433,1.23548,-1
0.461548,-0.423883,0,1.41361,0.674158,1,0.869303,1.24099,2
0.461511,-0.423907,0,1.41194,0.673348,1,0.86745,1.23839,2
0.461672,-0.424086,0,1.41252,0.673625,1,0.868394,1.23961,2
0.460966,-0.423368,0,1.41413,0.674398,1,0.868354,1.23959,2
0.461807,-0.424208,0,1.41376,0.674263,1,0.868853,1.24028,2
0.461654,-0.424032,0,1.41378,0.674224,1,0.860594,1.23663,2,0.385827,1.21969,-1
0.461654,-0.424032,0,1.41378,0.674224,1,0.860594,1.23663,2,0.385827,1.21969,3
0.461166,-0.423488,0,1.41491,0.674835,1,0.860546,1.23661,2
0.461166,-0.423488,0,1.41491,0.674835,1,0.860546,1.23661,2
0.461166,-0.423488,0,1.41491,0.674835,1,0.860546,1.23661,2
0.461315,-0.423577,0,1.41378,0.674209,1,0.868452,1.23976,2
0.461564,-0.424074,0,1.41245,0.673606,1,0.868079,1.23917,2
0.461564,-0.424074,0,1.41245,0.673606,1,0.868079,1.23917,2
0.461727,-0.424117,0,1.4134,0.67409,1,0.868556,1.23983,2,0.385983,1.22023,-1
0.461736,-0.424126,0,1.41286,0.673818,1,0.868446,1.23981,2
0.461736,-0.424126,0,1.41286,0.673818,1,0.868446,1.23981,2
0.461475,-0.423873,0,1.41407,0.674435,1,0.868511,1.2399,2
0.461441,-0.423776,0,1.41473,0.674717,1,0.868304,1.23963,2
0.461441,-0.423776,0,1.41473,0.674717,1,0.868304,1.23963,2
0.461672,-0.423956,0,1.41424,0.674491,1,0.86822,1.23945,2
0.461672,-0.423956,0,1.41424,0.674491,1,0.86822,1.23945,2
0.461784,-0.424083,0,1.41418,0.674446,1,0.868192,1.23933,2
0.461784,-0.424083,0,1.41418,0.674446,1,0.868192,1.23933,2
0.461803,-0.424089,0,1.41283,0.673791,1,0.870009,1.24195,2
0.461956,-0.424321,0,1.41256,0.673626,1,0.868824,1.2403,2
0.461956,-0.424321,0,1.41256,0.673626,1,0.868824,1.2403,2
0.461869,-0.42418,0,1.41398,0.674373,1,0.868505,1.23991,2
0.461869,-0.42418,0,1.41398,0.674373,1,0.868505,1.23991,2
0.461502,-0.423886,0,1.41374,0.674208,1,0.861139,1.23737,2
0.461502,-0.423886,0,1.41374,0.674208,1,0.861139,1.23737,2
0.461467,-0.423871,0,1.41453,0.674638,1,0.867223,1.23804,2
0.461467,-0.423871,0,1.41453,0.674638,1,0.867223,1.23804,2
0.461467,-0.423871,0,1.41453,0.674638,1,0.867223,1.23804,2
0.461609,-0.423947,0,1.4154,0.675044,1,0.861338,1.23769,2,0.395198,1.23793,-1
0.461609,-0.423947,0,1.4154,0.675044,1,0.861338,1.23769,2,0.395198,1.23793,3
0.461759,-0.424049,0,1.41355,0.674126,1,0.869554,1.24133,2
0.461759,-0.424049,0,1.41355,0.674126,1,0.869554,1.24133,2
0.461915,-0.42425,0,1.41374,0.674214,1,0.86899,1.24051,2
0.461915,-0.42425,0,1.41374,0.674214,1,0.86899,1.24051,2
0.461915,-0.42425,0,1.41374,0.674214,1,0.86899,1.24051,2
0.461401,-0.423734,0,1.41466,0.674698,1,0.869242,1.24094,2
0.461401,-0.423734,0,1.41466,0.674698,1,0.869242,1.24094,2
0.461601,-0.423929,0,1.41406,0.674373,1,0.869407,1.24111,2
0.461646,-0.424011,0,1.41238,0.673589,1,0.868612,1.24002,2
0.461646,-0.424011,0,1.41238,0.673589,1,0.868612,1.24002,2
0.462206,-0.424433,0,1.41352,0.674102,1,0.868559,1.23992,2
0.461993,-0.424279,0,1.41338,0.67406,1,0.869608,1.24134,2
0.461549,-0.423909,0,1.41502,0.674851,1,0.867318,1.23811,2
0.461549,-0.423909,0,1.41502,0.674851,1,0.867318,1.23811,2
0.461177,-0.423448,0,1.41449,0.674634,1,0.869213,1.24087,2
0.461855,-0.424239,0,1.41402,0.674378,1,0.86829,1.23954,2
0.461954,-0.424297,0,1.41378,0.674216,1,0.860557,1.2366,2
0.461105,-0.423495,0,1.4151,0.674938,1,0.868865,1.24031,2,0.394042,1.23433,-1
0.461585,-0.423946,0,1.41328,0.674015,1,0.868385,1.23971,2
0.461686,-0.424042,0,1.41414,0.674454,1,0.868581,1.23995,2
0.461416,-0.423702,0,1.41441,0.674555,1,0.867821,1.23889,2
0.46133,-0.423706,0,1.41422,0.67446,1,0.861317,1.23775,2
0.461395,-0.423709,0,1.41386,0.674289,1,0.868535,1.23989,2
0.461333,-0.423735,0,1.41391,0.674348,1,0.869221,1.24086,2
0.461645,-0.424,0,1.41454,0.674615,1,0.859979,1.23579,2
0.461563,-0.423762,0,1.41341,0.674075,1,0.869344,1.24101,2,0.394588,1.23603,-1
0.46188,-0.424184,0,1.41437,0.674547,1,0.869334,1.24097,2
0.461484,-0.423802,0,1.41431,0.674515,1,0.868653,1.24004,2,0.386059,1.22054,-1
0.461967,-0.424237,0,1.41406,0.674365,1,0.868578,1.23995,2
0.461587,-0.423957,0,1.41212,0.673456,1,0.867806,1.2388,2,0.39408,1.23439,-1
0.461428,-0.423749,0,1.41397,0.674322,1,0.869401,1.24116,2
0.46231,-0.424585,0,1.41348,0.674087,1,0.868728,1.24017,2
0.461711,-0.424073,0,1.414,0.67441,1,0.8685,1.23982,2
0.46196,-0.424276,0,1.41419,0.674434,1,0.868996,1.2405,2
0.462023,-0.424381,0,1.4137,0.674215,1,0.868999,1.2406,2
0.46161,-0.423918,0,1.41347,0.674116,1,0.868761,1.2402,2
0.461338,-0.423698,0,1.41364,0.674172,1,0.867811,1.23885,2
0.461356,-0.423708,0,1.4149,0.674842,1,0.867764,1.23878,2
0.461807,-0.424146,0,1.41339,0.674036,1,0.867814,1.23875,2
0.46146,-0.423775,0,1.41399,0.674352,1,0.867909,1.23896,2
0.461717,-0.42408,0,1.41435,0.674514,1,0.867519,1.23844,2
0.462022,-0.424337,0,1.41394,0.674301,1,0.868274,1.23951,2
0.462148,-0.424467,0,1.41394,0.674374,1,0.868244,1.23948,2
0.461879,-0.424157,0,1.41434,0.674531,1,0.869004,1.24055,2,0.386114,1.22065,-1
0.461501,-0.423902,0,1.41351,0.674115,1,0.869661,1.24145,2
0.46189,-0.424245,0,1.41406,0.674381,1,0.868227,1.23945,2
0.461867,-0.424171,0,1.414,0.674332,1,0.867344,1.23819,2
0.461906,-0.424287,0,0.867647,1.23863,2
0.461995,-0.424307,0,1.41482,0.674765,-1,0.868765,1.24029,1
0.461743,-0.424097,0,1.4139,0.674301,1,0.86866,1.24003,2
0.461763,-0.424163,0,1.41249,0.673612,1,0.869135,1.24069,2
0.461481,-0.423865,0,1.414,0.674336,1,0.868552,1.23988,2
0.461669,-0.424014,0,1.41345,0.674081,1,0.868777,1.24023,2
0.462108,-0.424451,0,1.41486,0.67478,1,0.869372,1.24109,2
0.462157,-0.424516,0,1.41426,0.674463,1,0.86882,1.2403,2
0.461098,-0.423446,0,1.41429,0.674469,1,0.867843,1.23892,2
0.461681,-0.424047,0,1.41254,0.673671,1,0.860185,1.236,2
0.461805,-0.424175,0,1.41399,0.674353,1,0.868559,1.23992,2
0.461587,-0.42393,0,1.41524,0.674961,1,0.868971,1.24047,2
0.461453,-0.423763,0,1.41347,0.674114,1,0.869102,1.24071,2
0.459096,-0.424688,0,1.41544,0.67504,1,0.86845,1.23976,2
0.461465,-0.423751,0,1.41389,0.674308,1,0.861351,1.23773,2
0.462326,-0.424553,0,1.4135,0.674132,1,0.861132,1.23737,2,0.385929,1.22019,-1
0.462237,-0.424574,0,1.41398,0.674378,1,0.868339,1.23965,2
0.461698,-0.42397,0,1.41423,0.674505,1,0.867942,1.23908,2
0.462217,-0.424495,0,1.41401,0.674392,1,0.868993,1.24051,2
0.462043,-0.424315,0,1.41505,0.674866,1,0.869419,1.2411,2,0.385716,1.21947,-1
0.46178,-0.424101,0,1.41332,0.67401,1,0.86917,1.2408,2
0.462368,-0.424701,0,1.41385,0.674237,1,0.869288,1.24091,2,0.386975,1.22346,-1
0.461625,-0.42396,0,1.41378,0.674217,1,0.860874,1.23704,2,0.385776,1.21964,3
0.461514,-0.423815,0,1.41331,0.674036,1,0.868791,1.24027,2
0.461228,-0.423537,0,1.41306,0.673907,1,0.868649,1.24009,2
0.461782,-0.424142,0,1.41342,0.674063,1,0.869095,1.24062,2
0.461469,-0.42382,0,1.41416,0.674421,1,0.869448,1.24113,2
0.461252,-0.423599,0,1.41268,0.673701,1,0.860223,1.23613,2
0.461576,-0.423868,0,1.41444,0.674577,1,0.86973,1.24159,2
0.461603,-0.423999,0,1.41365,0.674154,1,0.868491,1.23978,2
0.461465,-0.423808,0,1.41379,0.67427,1,0.867903,1.23897,2
0.46172,-0.424034,0,1.41289,0.673756,1,0.868352,1.23959,2
0.461731,-0.424054,0,1.41454,0.674613,1,0.869759,1.24161,2
0.461833,-0.424209,0,1.41402,0.674375,1,0.868591,1.23994,2,0.394605,1.23602,-1
0.461879,-0.424156,0,1.41512,0.674887,1,0.868139,1.23932,2
0.462336,-0.424599,0,1.41451,0.674602,1,0.861163,1.2375,2,0.386196,1.22102,-1
0.462047,-0.424343,0,1.4143,0.674525,1,0.869335,1.24102,2
0.462028,-0.424362,0,1.41424,0.674502,1,0.869186,1.24075,2
0.461796,-0.424172,0,1.41377,0.67424,1,0.868122,1.23933,2
0.461787,-0.424076,0,1.41416,0.67441,1,0.868555,1.23987,2,0.386047,1.22048,-1
0.460141,-0.422661,0,1.41139,0.673084,1,0.859838,1.23558,2
0.460562,-0.422937,0,1.41312,0.673947,1,0.86752,1.23844,2
0.460282,-0.422757,0,1.41206,0.673431,1,0.867237,1.23807,2
0.460561,-0.422969,0,1.41183,0.673328,1,0.867781,1.23877,2
0.460319,-0.422805,0,1.4135,0.674144,1,0.867972,1.23901,2
0.460394,-0.422885,0,1.41009,0.672495,1,0.867442,1.23831,2
0.460259,-0.422753,0,1.41206,0.673421,1,0.867946,1.23903,2
0.460989,-0.423476,0,1.41076,0.672754,1,0.859722,1.23536,2
0.460989,-0.423476,0,1.41076,0.672754,1,0.859722,1.23536,2
0.46055,-0.422965,0,1.41254,0.673669,1,0.868078,1.23932,2
0.459956,-0.422451,0,1.41289,0.673846,1,0.867583,1.23854,2
0.460432,-0.422914,0,1.41279,0.673798,1,0.867524,1.23844,2
0.460432,-0.422914,0,1.41279,0.673798,1,0.867524,1.23844,2
0.460363,-0.42273,0,1.41281,0.67376,1,0.867875,1.23899,2
0.460773,-0.423193,0,1.41334,0.674053,1,0.866139,1.23645,2
0.460035,-0.422572,0,1.41292,0.673856,1,0.868453,1.2398,2
0.460668,-0.423134,0,1.41198,0.673354,1,0.860971,1.23713,2
0.460729,-0.423184,0,1.41278,0.67375,1,0.867127,1.23787,2
0.460126,-0.422707,0,1.41204,0.673387,1,0.866705,1.23727,2
0.460306,-0.422773,0,1.41306,0.673907,1,0.867572,1.23854,2
0.459877,-0.422358,0,1.41244,0.673616,1,0.868334,1.23965,2
0.46047,-0.42292,0,1.41298,0.673892,1,0.867006,1.23772,2
0.460324,-0.422783,0,1.41216,0.673458,1,0.867158,1.23789,2
0.460562,-0.422997,0,1.4117,0.673268,1,0.868088,1.23921,2,0.38521,1.21786,-1
0.460175,-0.422652,0,1.4114,0.673076,1,0.866898,1.23747,2,0.38529,1.21809,3
0.460775,-0.423193,0,1.41332,0.67401,1,0.868263,1.23947,2
0.460869,-0.423341,0,1.41278,0.673825,1,0.868085,1.23917,2
0.460691,-0.423166,0,1.4124,0.673618,1,0.868005,1.23918,2
0.460045,-0.422542,0,1.41318,0.673978,1,0.86705,1.23774,2
0.459707,-0.422175,0,1.41247,0.673641,1,0.867654,1.23863,2
0.46057,-0.423064,0,1.41232,0.673544,1,0.860156,1.23597,2
0.460385,-0.42285,0,1.41307,0.67388,1,0.867418,1.23823,2
0.460198,-0.422658,0,1.41358,0.674209,1,0.867202,1.23805,2
0.460767,-0.423232,0,1.41187,0.673332,1,0.868285,1.2395,2
0.460162,-0.422622,0,1.41276,0.673778,1,0.867541,1.23847,2
0.460016,-0.422517,0,1.41373,0.674233,1,0.868158,1.2394,2
0.460515,-0.423034,0,1.41193,0.673361,1,0.868897,1.24034,2
0.460758,-0.423182,0,1.41222,0.673514,1,0.86765,1.23858,2
0.461074,-0.4235,0,1.41264,0.673703,1,0.867598,1.23848,2
0.461019,-0.423439,0,2.99496,-0.821734,-1,1.41235,0.673565,1,0.867456,1.23839,2
0.460158,-0.422642,0,3.01773,-0.771789,1,1.41238,0.673588,2,0.868725,1.24013,3
0.460233,-0.422738,0,1.41174,0.673264,2,0.867052,1.23778,3
0.460805,-0.423246,0,3.03048,-0.709725,-1,1.41286,0.673822,1,0.861152,1.23741,2
0.460098,-0.422469,0,1.86586,-0.660938,-1,1.41177,0.673284,2,0.86782,1.23884,3
0.460172,-0.422611,0,1.86305,-0.659886,1,3.03605,-0.692252,-1,1.41132,0.673067,2,0.867682,1.2387,3
0.460015,-0.422502,0,1.86387,-0.660172,1,3.04706,-0.667037,2,1.41328,0.674027,3,0.867862,1.23895,4
0.460334,-0.422714,0,3.04657,-0.666949,2,1.41246,0.673588,3,0.868307,1.23953,4
0.460799,-0.4233,0,1.41204,0.673459,2,0.868077,1.23918,3
0.460408,-0.422795,0,3.00743,-0.676516,-1,1.4126,0.673712,1,0.867414,1.23828,2
0.460795,-0.423244,0,3.0001,-0.674903,1,1.41254,0.673656,2,0.868364,1.23968,3
0.460733,-0.423121,0,1.41258,0.673668,2,0.868232,1.23949,3
0.460468,-0.422907,0,2.9936,-0.65541,-1,1.41322,0.67398,1,0.86883,1.24029,2
0.459774,-0.422236,0,2.99391,-0.65534,1,1.41326,0.674066,2,0.867658,1.23872,3
0.461281,-0.423614,0,1.8602,-0.658926,-1,2.98728,-0.653909,1,1.41273,0.673763,2,0.868086,1.23912,3
0.460235,-0.422704,0,1.86338,-0.660056,1,2.97443,-0.651138,2,1.41256,0.673615,3,0.869178,1.24075,4
0.460898,-0.423325,0,1.86433,-0.660378,1,1.41242,0.673593,3,0.860546,1.23661,4
0.460555,-0.42302,0,1.86151,-0.659367,1,2.96004,-0.648044,-1,1.41346,0.674143,2,0.868038,1.23916,3
0.460158,-0.422626,0,2.96389,-0.64883,2,1.41283,0.673803,3,0.867797,1.23886,4
0.460606,-0.423097,0,2.95385,-0.63779,1,1.41239,0.673564,2,0.867613,1.23861,3
0.460278,-0.422736,0,2.95333,-0.637511,1,1.4138,0.674266,2,0.868146,1.23927,3
0.460994,-0.423426,0,2.9458,-0.626916,1,1.41193,0.67336,2,0.867669,1.23862,3
0.460106,-0.42252,0,2.81609,-0.682664,-1,1.41315,0.673965,2,0.867725,1.23872,3
0.460822,-0.423215,0,2.61654,-0.524727,-1,1.41255,0.673649,2,0.860215,1.23603,3
0.460475,-0.423034,0,2.50456,-0.412277,-1,1.41213,0.673447,2,0.867058,1.23773,3
0.460388,-0.422849,0,2.45511,-0.352946,1,1.41315,0.673957,2,0.868837,1.24033,3,0.385812,1.2197,-1
0.460214,-0.422685,0,2.4307,-0.342202,1,1.41337,0.674076,2,0.867995,1.23909,3
2.59997,-0.433634,-1,0.460402,-0.42285,0,1.41098,0.672878,2,0.868091,1.23921,3
0.460663,-0.423155,1,2.41426,-0.332548,-1,1.41242,0.673586,2,0.860209,1.23604,3
0.460762,-0.423176,0,2.40275,-0.345458,1,1.41114,0.673028,2,0.86791,1.23901,3
0.460311,-0.422784,0,2.47575,-0.324533,1,1.41312,0.673929,2,0.867346,1.23823,3
2.45096,-0.265304,1,0.460671,-0.423098,0,1.4132,0.674017,2,0.867932,1.239,3
0.460401,-0.422938,1,2.38651,-0.35729,-1,1.41069,0.67274,2,0.867191,1.23787,3
0.460265,-0.422687,0,2.38499,-0.357021,1,1.41293,0.673833,2,0.868433,1.23968,3
2.25158,-0.130923,-1,0.460238,-0.422674,0,1.4129,0.673828,2,0.859517,1.2351,3
2.21502,-0.131404,0,0.460408,-0.422856,1,1.41225,0.673519,2,0.86753,1.23848,3
0.460096,-0.422636,1,2.33605,-0.315337,-1,1.41239,0.673572,2,0.867265,1.23806,3
0.460507,-0.422923,0,1.4135,0.674129,2,0.8677,1.23874,3
0.46066,-0.423038,0,2.221,-0.260347,-1,0.867648,1.23863,2
2.06323,-0.0835587,-1,0.460661,-0.423127,0,1.41215,0.673486,-1,0.86666,1.23721,2
0.46052,-0.423057,1,2.04266,-0.191368,-1,1.41193,0.673359,2,0.8604,1.23636,3
1.95604,-0.0521181,-1,0.460233,-0.422675,0,1.41132,0.673076,2,0.867836,1.23883,3
1.87172,-0.0554742,0,0.460252,-0.422673,1,0.86817,1.23935,3
0.460312,-0.422695,1,1.66832,-0.151406,-1,1.41175,0.673243,-1,0.868171,1.23934,2
0.460723,-0.423203,0,1.57087,-0.151587,1,1.41213,0.673454,2,0.86704,1.23774,3
0.460329,-0.422808,0,1.52641,-0.142904,1,1.41264,0.673703,2,0.860108,1.23595,3
0.460528,-0.422931,0,1.50163,-0.140334,1,1.4127,0.673752,2,0.867878,1.23894,3
1.59907,-0.0693045,-1,0.460641,-0.423146,0,1.41157,0.673215,2,0.867263,1.2381,3
1.56356,-0.07125,0,0.460719,-0.423091,1,1.4127,0.673739,2,0.867759,1.23879,3
0.460528,-0.423035,1,1.43413,-0.15505,-1,1.71165,0.0732575,-1,1.41244,0.673625,2,0.866703,1.23727,3
1.50797,-0.0544904,-1,0.460654,-0.423134,0,1.41166,0.673266,3,0.867336,1.23819,4
1.43657,-0.0573275,0,0.460835,-0.423228,1,1.41174,0.673273,2,0.868927,1.24046,3
0.460191,-0.422634,1,1.42942,-0.167238,-1,1.31232,0.0953539,-1,1.41424,0.674499,2,0.867112,1.23783,3
0.460718,-0.423124,0,1.42491,-0.171038,1,1.18745,0.114147,-1,1.41259,0.673645,3,0.861264,1.23758,4
0.460178,-0.42265,0,1.41301,-0.169554,1,1.10637,0.125794,2,1.41375,0.674272,3,0.867131,1.23791,4,0.385069,1.21738,-1
0.460743,-0.423243,0,1.39194,-0.167035,1,1.05958,0.126563,2,1.41406,0.674377,3,0.866668,1.23721,4
0.46031,-0.42274,0,1.36381,-0.15575,1,1.0275,0.122957,2,1.41217,0.673449,3,0.859677,1.23529,4
0.46029,-0.422852,0,1.33068,-0.144377,1,0.9988,0.131219,2,1.41261,0.673674,3,0.867985,1.23915,4
0.460687,-0.423126,0,1.28964,-0.132608,1,0.983044,0.146614,2,1.41321,0.673993,3,0.867068,1.23772,4
0.460417,-0.422843,0,1.21747,-0.11826,1,0.974768,0.151199,2,1.4135,0.67414,3,0.867502,1.2384,4
0.460673,-0.423141,0,1.12452,-0.0992585,1,0.965621,0.158433,2,1.41287,0.673806,3,0.867272,1.2381,4
0.460531,-0.423002,0,1.04662,-0.0709672,1,0.954864,0.16222,2,1.41324,0.674013,3,0.867454,1.23839,4
0.946055,0.0704091,2,0.460783,-0.423184,0,1.41155,0.673164,3,0.860655,1.23669,4
0.459925,-0.422437,1,0.883916,0.0892508,0,1.4119,0.673343,2,0.867729,1.23876,3
0.461116,-0.423454,0,1.41254,0.673656,2,0.867989,1.2391,3
0.461092,-0.423541,0,0.645435,0.108951,-1,1.41263,0.673724,1,0.867234,1.23803,2
0.460326,-0.422857,0,0.602065,0.128876,1,1.41108,0.672907,2,0.867656,1.23858,3
0.460655,-0.4231,0,0.595175,0.129383,1,1.41309,0.673921,2,0.868148,1.23931,3
0.46088,-0.423385,0,0.580507,0.126738,1,1.41218,0.673506,2,0.86779,1.23881,3
0.460548,-0.423029,0,0.571947,0.12351,1,1.41276,0.673774,2,0.867662,1.23862,3
0.460652,-0.423047,0,0.559601,0.122686,1,1.41302,0.673904,2,0.868664,1.24008,3
0.46025,-0.422788,0,0.576822,0.14297,1,1.41125,0.673049,2,0.867944,1.23903,3,0.385587,1.21905,-1
0.460762,-0.423162,0,0.593712,0.175012,1,0.867695,1.23869,3
0.460912,-0.423398,0,0.583031,0.194392,1,0.860184,1.23605,2
0.46013,-0.422611,0,0.532702,0.123581,1,0.867721,1.23872,2
0.460227,-0.422802,0,0.52568,0.128333,1,1.41215,0.673478,-1,0.425577,0.344716,-1,0.868539,1.23984,2
0.460227,-0.422802,0,0.52568,0.128333,1,1.41215,0.673478,2,0.425577,0.344716,3,0.868539,1.23984,4
0.460084,-0.422561,0,0.522662,0.138406,1,1.41347,0.674112,2,0.273026,0.35789,-1
0.457899,-0.423557,0,0.518203,0.146877,1,0.288509,0.387661,3
0.460393,-0.422887,0,0.513208,0.158449,1,1.40984,0.707945,-1,0.297324,0.39798,2
0.46084,-0.423312,0,0.495968,0.170181,1,0.293544,0.413787,3
0.460467,-0.42294,0,0.482957,0.179483,1
0.460467,-0.42294,0,0.482957,0.179483,1
0.460862,-0.42326,0,0.465875,0.229763,1,0.284883,0.432016,-1
0.460627,-0.423029,0,0.485125,0.266151,1,0.282997,0.432176,2
0.460757,-0.423166,0,0.515619,0.302507,1,0.283253,0.432629,2
0.460471,-0.422875,0
0.460473,-0.422976,0,0.573792,0.368001,-1
0.460037,-0.42249,0,0.291393,0.428647,-1
0.460379,-0.422795,0,0.610322,0.381015,-1
0.46073,-0.423169,0,0.620412,0.379509,1
0.462118,0.403441,-1,0.461228,-0.423643,0
0.475067,0.389414,0,0.460359,-0.42282,1
0.46061,-0.423019,1,0.662696,0.361922,-1,0.353716,0.377299,-1
0.494755,0.354607,-1,0.460033,-0.422542,0,0.869257,1.24079,-1,0.385215,1.21792,-1
0.460744,-0.423169,1,0.866482,1.23691,2
0.460585,-0.423045,0,0.45876,0.281932,-1,0.867558,1.23851,1
0.460448,-0.422885,0,0.552208,0.257416,1,0.867829,1.23888,2
0.460586,-0.423073,0,0.649541,0.262365,1,0.867698,1.23864,2
0.460841,-0.423238,0,0.716647,0.140537,-1,0.693407,0.365242,-1,0.86814,1.23932,2
0.460558,-0.42303,0,0.81783,0.107446,-1,0.866914,1.23755,3
0.460619,-0.423025,0,0.916734,0.0745292,-1,0.860157,1.23602,2
0.460136,-0.422593,0,1.00139,0.0521587,1,0.708752,0.350003,-1,0.867724,1.23872,2,0.394379,1.23542,-1
0.460691,-0.423106,0,2.06278,-0.799346,-1,1.05192,0.0455945,1,0.718792,0.344708,2,0.868002,1.23913,3
0.460768,-0.423184,0,1.07712,0.0532974,2,0.867668,1.23862,4
0.459951,-0.422457,0,1.10804,0.0351938,1,0.76749,0.319483,-1,0.868138,1.23932,2
0.460078,-0.422549,0,1.12887,0.0298518,1,0.822623,0.311846,2,0.861071,1.23736,3
0.460121,-0.422622,0,1.14476,0.0236006,1,0.869393,1.24107,3
0.460753,-0.423201,0,1.15616,0.017113,1,1.41256,0.673713,-1,0.867534,1.23843,2
0.460583,-0.423005,0,1.15926,0.0137612,1,1.05628,0.207183,-1,1.41258,0.673653,2,0.867422,1.23837,3
1.20356,0.0859044,1,0.460038,-0.422505,0,1.41357,0.674156,3,0.867475,1.23828,4
0.460838,-0.423167,1,1.2679,0.0718129,0,1.41362,0.674141,2,0.868793,1.24032,3
1.30685,0.060092,1,0.461603,-0.423971,0,1.18637,0.00697769,-1,1.41306,0.673901,2,0.869029,1.24053,3
0.461156,-0.423527,1,1.19486,0.00321517,2,1.41184,0.673299,3,0.868097,1.23926,4
0.461384,-0.423677,0,1.20807,-0.00412071,1,1.4138,0.674251,2,0.868703,1.24015,3
0.461218,-0.423549,0,1.22904,-0.00401856,1,1.41271,0.673723,2,0.868099,1.23921,3
0.461299,-0.42371,0,1.25719,-0.00417494,1,1.4133,0.673984,2,0.86086,1.237,3
0.461856,-0.424198,0,1.3004,-0.0155914,1,1.41296,0.673866,2,0.868727,1.24018,3
1.51954,0.00211312,-1,0.461605,-0.423909,0,1.34912,-0.0480143,1,1.41308,0.673936,2,0.861044,1.23728,3
0.461442,-0.423792,1,1.3784,-0.0497999,2,1.41444,0.674576,3,0.868095,1.23926,4
0.461535,-0.423855,0,1.51284,-0.0670821,-1,1.41473,0.674711,2,0.868589,1.23994,3
0.461436,-0.423801,0,1.41365,0.674165,2,0.860784,1.2369,3
0.461322,-0.423702,0,1.844,-0.12954,-1,1.41223,0.673476,1,0.868694,1.2402,2
0.461203,-0.423524,0,1.81833,0.0680977,-1,1.41385,0.674309,2,0.868153,1.2394,3
1.93533,-0.0237151,-1,0.461184,-0.423511,0,1.41449,0.674631,2,0.868516,1.23985,3
1.97362,-0.026062,0,0.461556,-0.423916,1,1.41446,0.674616,2,0.867421,1.23832,3
0.461574,-0.423944,1,1.85029,0.0640741,-1,1.41221,0.67344,2,0.868736,1.24012,3
2.03628,-0.0425708,-1,0.461881,-0.424111,0,1.41392,0.674341,2,0.868565,1.24001,3
0.462063,-0.424442,1,1.90008,0.0435914,-1,1.4136,0.674173,2,0.868346,1.2396,3
0.461414,-0.423821,0,2.28712,-0.173627,-1,1.41416,0.674422,2,0.868083,1.23922,3
0.461291,-0.42363,0,1.9997,0.0397786,-1,1.4125,0.67359,2,0.867668,1.23862,3
2.15224,-0.0697416,-1,0.461675,-0.424069,0,2.06418,-0.799888,-1,1.4129,0.673819,2,0.860639,1.2367,3
2.19557,-0.0768721,0,0.461789,-0.424061,1,1.41429,0.674547,3,0.869089,1.24072,4
0.461645,-0.423997,1,2.33087,-0.190586,-1,1.41379,0.674283,2,0.868177,1.23939,3
0.461543,-0.423966,0,2.33802,-0.191189,1,1.41289,0.673847,2,0.868025,1.23926,3
2.44053,-0.119347,-1,0.461624,-0.42405,0,1.41316,0.673948,2,0.867586,1.23853,3
2.50813,-0.127177,0,0.461324,-0.423686,1,2.34147,-0.191537,-1,1.41294,0.673814,2,0.868132,1.23933,3,0.385532,1.2188,-1
2.52184,-0.14328,0,0.461685,-0.423998,1,2.34983,-0.192223,2,1.41405,0.674397,3,0.868245,1.23953,4
0.461884,-0.424223,1,2.37454,-0.201352,2,1.41413,0.67447,3,0.867639,1.23864,4
2.56855,-0.161932,-1,0.461319,-0.423646,0,2.4073,-0.204335,1,1.4149,0.674846,2,0.86108,1.23736,3
2.57976,-0.163558,0,0.458452,-0.424004,1,2.42593,-0.19876,2,1.41305,0.673925,3,0.868451,1.23976,4
0.461237,-0.423573,1,2.46448,-0.201715,2,1.41448,0.67458,3,0.868529,1.2398,4,0.38632,1.22144,-1
2.68594,-0.176474,-1,0.461264,-0.42366,0,2.50506,-0.22716,1,1.41428,0.674485,2,0.868488,1.23978,3,0.386106,1.22072,4
2.68589,-0.177047,0,0.46155,-0.423955,1,2.53135,-0.229582,2,1.41278,0.67374,3,0.869051,1.24061,4
2.74667,-0.189645,0,0.461823,-0.424188,1,2.61679,-0.252857,2,1.41339,0.674044,3,0.869459,1.24117,4,0.385581,1.21905,-1
2.8417,-0.200776,0,0.461521,-0.423838,1,1.41349,0.674086,3,0.869462,1.24116,4
2.91247,-0.215868,0,0.461276,-0.423604,1,1.41366,0.674218,2,0.867991,1.23909,3
2.95812,-0.231589,0,0.461769,-0.424099,1,1.41399,0.674363,2,0.867834,1.23888,3
3.00098,-0.231905,0,0.461697,-0.424104,1,1.41377,0.674236,2,0.868879,1.2403,3
3.00098,-0.231905,0,0.461697,-0.424104,1,1.41377,0.674236,2,0.868879,1.2403,3
0.461866,-0.424185,1,2.93611,-0.111882,-1,1.41424,0.67449,2,0.868264,1.23951,3
0.461313,-0.423725,0,2.96223,-0.121524,1,1.4129,0.673814,2,0.868297,1.23958,3
3.09642,-0.253229,-1,0.462067,-0.424277,0,1.41509,0.674865,2,0.869137,1.24073,3
0.461246,-0.423693,1,3.00565,-0.158451,-1,1.41413,0.674402,2,0.86849,1.23983,3
3.14867,-0.274986,-1,0.461428,-0.423821,0,1.4147,0.674685,2,0.868411,1.23969,3
3.14867,-0.274986,0,0.461428,-0.423821,1,1.4147,0.674685,2,0.868411,1.23969,3
3.18076,-0.289596,0,0.461737,-0.424027,1,1.41442,0.674604,2,0.868665,1.24013,3
3.2388,-0.321595,0,0.461576,-0.423927,1,1.4155,0.675091,2,0.860454,1.23642,3
3.32674,-0.337667,0,0.461298,-0.423683,1,1.41317,0.673928,2,0.868873,1.24036,3
0.461608,-0.423934,1,3.30717,-0.445661,-1,1.41424,0.674489,2,0.86878,1.24028,3
3.47977,-0.404021,-1,0.461427,-0.423721,0,3.3057,-0.455375,1,1.41405,0.674397,2,0.868915,1.24047,3
0.461068,-0.423476,1,1.41313,0.673913,3,0.868058,1.23924,4
0.461408,-0.423829,0,1.41354,0.674129,1,0.869398,1.24107,2
0.4624,-0.424651,0,1.41492,0.674816,1,0.868867,1.24041,2
0.461465,-0.42387,0,1.41419,0.674444,1,0.86827,1.23951,2
0.461465,-0.42387,0,1.41419,0.674444,1,0.86827,1.23951,2
0.461569,-0.423935,0,1.41307,0.673887,1,0.861022,1.23725,2
0.461196,-0.423571,0,1.41469,0.674708,1,0.869228,1.24086,2
0.461766,-0.424101,0,3.47686,-0.417386,-1,1.41354,0.674135,1,0.868547,1.23993,2
0.46153,-0.423889,0,1.41456,0.674648,2,0.868077,1.23922,3
0.461758,-0.424081,0,3.46068,-0.37474,-1,0.868617,1.23997,2
0.461609,-0.423903,0,3.46667,-0.344679,1,1.4144,0.674574,-1,0.868196,1.23947,2
0.460993,-0.423278,0,1.41436,0.674577,2,0.868756,1.24025,3
0.461913,-0.42428,0,1.41389,0.674308,1,0.86822,1.2394,2
0.461349,-0.423625,0,3.46823,-0.283932,-1,1.41422,0.674458,1,0.869013,1.24059,2
0.46208,-0.424336,0,3.46916,-0.284013,1,1.41416,0.674409,2,0.85998,1.23579,3
0.461703,-0.424007,0,3.45343,-0.282713,1,1.41238,0.673581,2,0.861088,1.2373,3
0.461262,-0.423546,0,3.43349,-0.281122,1,1.41402,0.674372,2,0.868464,1.2398,3
0.461966,-0.424311,0,3.41157,-0.279338,1,1.41338,0.674055,2,0.867827,1.23883,3
0.461158,-0.423482,0,3.38018,-0.27672,1,1.41383,0.674272,2,0.868187,1.23938,3,0.38627,1.22119,-1
0.461989,-0.424302,0,3.35477,-0.274606,1,1.41547,0.67507,2,0.869197,1.24083,3
3.47499,-0.348674,-1,0.461981,-0.424383,0,1.41403,0.67436,2,0.861587,1.23812,3,0.385258,1.2181,-1
0.461124,-0.42352,1,3.34204,-0.26396,-1,1.4142,0.674489,2,0.869384,1.24112,3
0.461707,-0.424093,0,3.35063,-0.274367,1,1.41391,0.674279,2,0.868843,1.24038,3
0.461707,-0.424093,0,3.35063,-0.274367,1,1.41391,0.674279,2,0.868843,1.24038,3
0.461773,-0.424139,0,3.34733,-0.264444,1,1.41435,0.674506,2,0.861245,1.2376,3
3.18775,-0.400608,-1,0.461437,-0.423796,0,1.41281,0.673752,2,0.868365,1.23968,3
0.461125,-0.423548,1,2.95512,-0.512875,-1,3.33183,-0.272915,-1,1.41337,0.673992,2,0.8604,1.23631,3
0.462101,-0.424486,0,2.8942,-0.493681,1,1.41361,0.674164,3,0.868804,1.24026,4
3.05541,-0.392554,-1,0.461435,-0.423708,0,1.41433,0.674561,2,0.867404,1.23829,3
0.461886,-0.424134,1,2.85264,-0.469453,-1,1.4136,0.674181,2,0.860717,1.2368,3
2.99172,-0.401912,-1,0.460726,-0.423125,0,1.41396,0.674339,2,0.861526,1.23796,3
0.461422,-0.423872,1,2.8101,-0.479243,-1,1.41343,0.674112,2,0.861118,1.23738,3,0.385967,1.22017,-1
2.93901,-0.384932,-1,0.460833,-0.423216,0,1.41364,0.674169,2,0.867994,1.23914,3
2.91982,-0.378668,0,0.461874,-0.42416,1,1.41396,0.674329,2,0.867718,1.23882,3
2.86232,-0.37562,0,0.461598,-0.423887,1,1.41409,0.674401,2,0.86846,1.23985,3
0.460653,-0.42303,1,2.78715,-0.483678,-1,1.41331,0.674038,2,0.868262,1.23947,3
0.461583,-0.423859,0,2.78801,-0.483857,1,1.41266,0.673732,2,0.868668,1.24008,3
0.462121,-0.42442,0,2.78795,-0.492217,1,2.5764,-0.12805,-1,1.41416,0.674424,2,0.869637,1.24137,3
0.461889,-0.424159,0,2.78565,-0.491815,1,2.52216,-0.103242,2,1.41345,0.674085,3,0.868319,1.23957,4
0.461586,-0.423885,0,2.77212,-0.48107,1,2.52905,-0.111095,2,1.41384,0.674263,3,0.867857,1.23895,4
0.461445,-0.423803,0,2.75474,-0.461642,1,2.48825,-0.0946884,2,1.41462,0.674606,3,0.869096,1.24067,4,0.385342,1.21821,-1
0.461725,-0.424089,0,2.72443,-0.440528,1,2.46047,-0.0794258,2,1.41374,0.674213,3,0.869483,1.24124,4
0.462068,-0.424378,0,2.66629,-0.407118,1,2.44883,-0.0719614,2,1.41399,0.674356,3,0.869953,1.2419,4
0.461553,-0.423878,0,2.58655,-0.37961,1,1.41477,0.674701,3,0.867869,1.2389,4
2.48304,-0.202109,-1,0.461386,-0.423812,0,1.41346,0.674052,2,0.868209,1.23941,3
0.461438,-0.423724,1,2.41472,-0.30449,-1,1.41463,0.674664,2,0.869525,1.24135,3
2.37103,-0.149932,-1,0.461898,-0.424223,0,1.41438,0.674525,2,0.868233,1.23949,3
2.31776,-0.131182,0,0.461928,-0.424204,1,1.41339,0.674036,2,0.869437,1.24109,3
0.461233,-0.423607,1,1.41408,0.674405,2,0.868887,1.2403,3
0.461595,-0.423877,0,1.41405,0.674402,1,0.868212,1.23941,2
0.46165,-0.42399,0,1.9749,-0.156066,-1,1.41379,0.674281,1,0.868535,1.23993,2
0.461667,-0.424035,0,1.97441,-0.144308,1,1.41398,0.674385,2,0.8682,1.23947,3
0.462059,-0.42434,0,1.41411,0.67444,2,0.8692,1.24078,3
0.461486,-0.423742,0,1.94874,-0.142443,-1,1.4139,0.674294,1,0.869756,1.24166,2
0.462316,-0.42458,0,1.41412,0.674422,2,0.86946,1.24121,3
2.06622,-0.103939,-1,0.462101,-0.424359,0,1.92343,-0.15728,-1,1.41491,0.674821,1,0.85984,1.23558,2
2.06622,-0.103939,0,0.462101,-0.424359,1,1.92343,-0.15728,2,1.41491,0.674821,3,0.85984,1.23558,4
2.0167,-0.0904113,0,0.462079,-0.424395,1,1.90577,-0.161285,2,1.41313,0.673926,3,0.869645,1.24141,4
1.96675,-0.0842914,0,0.462068,-0.424408,2,1.41422,0.674453,1,0.869455,1.24122,3,0.386125,1.22065,4
1.88752,-0.0753086,0,0.461988,-0.424329,1,1.41429,0.674475,2,0.868856,1.24032,3
1.82582,-0.06278,0,0.462185,-0.424455,1,1.41286,0.67382,2,0.86918,1.2408,3
1.75379,-0.0456101,0,0.461801,-0.424152,1,1.41426,0.674458,2,0.868712,1.24009,3
1.68982,-0.041206,0,0.461313,-0.423664,1,1.41438,0.674534,2,0.862189,1.23897,3
1.65154,-0.0431811,0,0.461862,-0.424114,1,1.41389,0.674319,2,0.868434,1.23982,3
1.62693,-0.0468319,0,0.461843,-0.424148,1,1.41392,0.674326,2,0.86943,1.24109,3
1.61037,-0.0463122,0,0.461918,-0.424277,1,1.41494,0.674844,2,0.868614,1.24002,3
1.57808,-0.0317556,0,0.462051,-0.424363,1,1.41463,0.67468,2,0.86905,1.24065,3
0.462593,-0.424836,1,1.41194,0.048611,-1,1.4144,0.674493,2,0.861231,1.23766,3
1.51598,-0.0191812,-1,0.462132,-0.424512,0,1.41435,0.674508,2,0.86898,1.24056,3,0.39484,1.23685,-1
1.47823,-0.0205738,0,0.462188,-0.424481,1,1.4148,0.674724,2,0.869305,1.24094,3
1.45805,-0.020896,0,0.462586,-0.424876,1,1.4143,0.67445,2,0.869467,1.24116,3
1.41037,-0.022287,0,0.462334,-0.424617,1,1.41517,0.674952,2,0.869185,1.24079,3
1.34518,-0.0212302,0,0.461966,-0.424282,1,1.41527,0.674983,2,0.869356,1.24105,3
1.27918,-0.0257249,0,0.461667,-0.423976,1,1.41582,0.675239,2,0.861454,1.23786,3,0.385735,1.21953,-1
1.20959,-0.0244975,0,0.462463,-0.424772,1,2.06441,-0.799979,-1,1.08719,-0.0926146,-1,1.41402,0.674377,2,0.868811,1.24026,3
1.13807,-0.0206603,0,0.462266,-0.424614,3,0.995122,-0.0790647,1,1.41438,0.674526,3,0.861945,1.23848,4
1.09309,-0.00992264,0,0.461955,-0.424323,1,0.955722,-0.0618463,2,1.41429,0.674482,3,0.868092,1.23926,4
1.04499,-0.00373938,0,0.461537,-0.423894,1,0.93564,-0.0438487,2,1.41477,0.674713,3,0.868535,1.23989,4,0.386331,1.2213,-1
0.462024,-0.424366,1,0.90251,-0.0372181,2,1.41302,0.673907,3,0.868341,1.2396,4
0.970533,-0.00354057,1,0.461517,-0.423814,0,0.879393,-0.0358515,1,1.41479,0.674742,2,0.868574,1.23995,3
0.461683,-0.423985,1,0.868947,-0.0378888,2,1.41397,0.674316,3,0.868757,1.2402,4,0.385966,1.22024,-1
0.954694,0.00164305,1,0.461768,-0.42419,0,0.867423,-0.0406646,1,1.41303,0.673882,2,0.869137,1.24073,3
0.953279,0.0184078,0,0.461716,-0.424053,1,0.859945,-0.0425894,2,1.41352,0.674097,3,0.860215,1.23618,4
0.462349,-0.424629,1,0.859587,-0.0454316,2,1.41413,0.674403,3,0.869321,1.24103,4
0.46172,-0.424077,0,0.856437,-0.0452747,1,0.940486,0.150644,-1,1.41533,0.675021,2,0.869208,1.24087,3
0.462062,-0.424396,0,0.855101,-0.0448196,1,0.850926,0.187601,2,1.41501,0.674869,3,0.868445,1.23981,4
0.46226,-0.424599,0,0.857117,-0.050418,1,0.77748,0.217719,2,1.41543,0.675059,3,0.868526,1.23989,4
0.462067,-0.424379,0,0.862899,-0.0557629,1,0.715279,0.234126,2,1.40805,0.691831,3,0.868292,1.23949,4
0.46201,-0.424353,0,0.858738,-0.0555027,1,0.670023,0.23861,2,0.860265,1.2362,4
0.461389,-0.423791,0,0.849315,-0.0499373,1,0.868252,1.23948,3
0.461767,-0.424112,0,0.840921,-0.0445548,1,0.642296,0.244448,-1,0.868048,1.2392,2
0.461993,-0.424369,0,0.82781,-0.0338657,1,0.626923,0.255475,2,0.868302,1.23953,3
0.462514,-0.424775,0,0.815765,-0.0194662,1,0.619067,0.263005,2,0.862626,1.23953,3
0.461556,-0.423873,0,0.794572,-0.000640169,1,0.613119,0.271122,2,0.869507,1.24123,3
0.686668,0.144998,-1,0.462667,-0.424992,0,0.86199,1.23865,3
0.686668,0.144998,0,0.462667,-0.424992,1,0.86199,1.23865,2
0.462361,-0.424575,1,0.654856,0.0482431,-1,0.598304,0.296546,-1,0.868482,1.23983,2
0.461804,-0.424134,0,0.60577,0.0672627,1,0.595907,0.299366,2,0.869283,1.24091,3
0.462042,-0.424348,0,0.868813,1.24021,3
0.46149,-0.423843,0,2.06418,-0.799888,-1,0.454191,0.168974,-1,0.868853,1.24037,1
0.461309,-0.423641,0,0.355744,0.224602,-1,0.868458,1.2398,3
0.375528,0.280611,1,0.461354,-0.423651,0,0.385849,1.21988,-1
0.345963,0.30612,0,0.461366,-0.423727,1
0.461538,-0.42394,1,0.567641,0.306342,-1
0.461538,-0.42394,0,0.567641,0.306342,1
0.461901,-0.42422,0,0.52419,0.305259,1
0.462154,-0.424445,0,0.502365,0.308746,1,0.177302,0.325802,-1
0.462314,-0.424623,0,0.490789,0.315396,1
0.461761,-0.424046,0,0.478236,0.308887,1
0.461396,-0.423728,0
0.461284,-0.423671,0,0.132599,0.293459,-1
0.461164,-0.423534,0,0.132526,0.296579,1
0.461867,-0.424201,0,0.431113,0.250965,-1,0.885962,1.21062,-1,0.133154,0.300524,1
0.461298,-0.423667,0,0.430107,0.228167,1,0.886819,1.21185,2,0.133447,0.300985,3
0.461344,-0.423693,0,0.422632,0.203933,1,0.134775,0.301843,3
0.460627,-0.423001,0,0.414591,0.188104,1
0.460835,-0.423304,0,0.40933,0.179642,1,0.143168,0.302993,-1
0.461681,-0.424075,0,0.411348,0.179327,1,0.149806,0.303237,2
0.461153,-0.423533,0,0.421616,0.17379,1,0.16011,0.301545,2
0.46059,-0.422983,0,0.429585,0.168595,1,0.176041,0.308657,2,0.39479,1.23656,-1
0.460871,-0.423278,0,2.6772,0.423207,-1,0.442431,0.163418,1,0.197613,0.315506,2
0.460521,-0.422868,0,0.449587,0.15705,2,0.228232,0.339984,3,0.385971,1.22024,-1
0.461472,-0.423921,0,0.267314,0.369811,2
0.461528,-0.423917,0,0.461641,0.150964,-1,0.307509,0.3773,1
0.461387,-0.423748,0,0.463709,0.148522,1,0.361853,0.38139,2
0.461442,-0.423763,0,0.465061,0.149064,1,0.442172,0.389555,2,0.869816,1.24171,-1
0.46178,-0.424088,0,0.468195,0.146954,1,0.532352,0.383502,2,0.868213,1.23941,3
0.461666,-0.42405,0,0.532517,0.232806,-1,0.868581,1.23995,3
0.461246,-0.423593,0,0.531562,0.198967,1,0.868494,1.23982,2
0.462032,-0.424313,0,0.486953,0.142399,1,0.867902,1.23902,2
0.461958,-0.424275,0,0.491474,0.14208,1,0.869176,1.2408,2
0.461622,-0.423873,0,0.499488,0.138644,1,0.868442,1.23972,2
0.461693,-0.424032,0,0.514669,0.143193,1,1.41031,0.682764,-1,0.867662,1.23862,2
0.461698,-0.423998,0,0.533385,0.146582,1,0.868239,1.23944,3,0.385369,1.21833,-1
0.461772,-0.424198,0,0.554437,0.151429,1,1.41312,0.673945,-1,0.868148,1.23927,2
0.461724,-0.424059,0,0.580695,0.151681,1,1.41392,0.674343,2,0.869153,1.24077,3
0.461214,-0.423598,0,0.610938,0.135008,1,1.41313,0.673929,2,0.867857,1.23891,3
0.460899,-0.423272,0,0.654131,0.108653,1,1.41397,0.674311,2,0.870165,1.24227,3
0.461254,-0.423625,0,0.669091,0.104342,1,1.41411,0.674432,2,0.868485,1.23983,3
0.461482,-0.423836,0,0.723616,0.0951938,1,1.92376,0.672242,-1,1.41326,0.673979,2,0.868263,1.23956,3
0.883462,0.132827,-1,0.461536,-0.423956,0,0.813753,0.0674913,1,1.41355,0.674117,3,0.868516,1.2399,4
0.461637,-0.42396,1,0.931569,0.0374082,-1,1.00528,0.216114,-1,1.41398,0.674367,3,0.868454,1.2398,4
1.02414,0.11399,-1,0.461008,-0.423335,0,1.41227,0.673492,3,0.869772,1.24156,4
1.06384,0.107424,0,0.460783,-0.423182,1,1.41352,0.674175,2,0.867905,1.23897,3
1.10719,0.0966595,0,0.461266,-0.423673,1,1.41415,0.674435,2,0.860586,1.23664,3
0.461248,-0.42362,1,1.27826,-0.0519902,-1,1.01079,0.214137,-1,1.41403,0.674349,2,0.868951,1.24054,3
1.15061,0.0921772,-1,0.461818,-0.424075,0,1.41409,0.674391,3,0.867655,1.23863,4
1.1675,0.0874629,0,0.461608,-0.423878,1,1.4121,0.673427,2,0.867274,1.23805,3
1.18031,0.0845793,0,0.461008,-0.423353,1,1.41176,0.673217,2,0.861556,1.23804,3
1.20506,0.0706964,0,0.461439,-0.423824,1,1.41352,0.674095,2,0.869432,1.24123,3
1.21765,0.0677593,0,0.461387,-0.42366,1,1.41379,0.674273,2,0.867968,1.23911,3
1.24365,0.0598392,0,0.461647,-0.424036,1,1.41486,0.674766,2,0.868924,1.24041,3
1.27933,0.0462754,0,0.460929,-0.42329,1,1.41287,0.673799,2,0.868744,1.24016,3
0.461926,-0.424192,1,1.41778,-0.0908865,-1,1.20037,0.156343,-1,1.41405,0.674394,2,0.869027,1.24058,3
0.461955,-0.424266,0,1.4253,-0.0997945,1,1.22974,0.150458,2,1.41349,0.674083,3,0.869245,1.24089,4
0.461955,-0.424266,0,1.4253,-0.0997945,1,1.22974,0.150458,2,1.41349,0.674083,3,0.869245,1.24089,4
0.462099,-0.424388,0,1.43823,-0.0963171,1,1.49653,0.0951745,-1,1.41395,0.674347,3,0.861058,1.23732,4
1.51373,-0.0155878,-1,0.461378,-0.423726,0,1.41355,0.674115,3,0.868289,1.23959,4
1.56568,-0.0220531,0,0.461704,-0.423903,1,1.41451,0.674595,2,0.869482,1.24129,3,0.394819,1.2367,-1
1.59848,-0.0305203,0,0.461704,-0.424038,1,1.41365,0.674156,2,0.868397,1.2397,3
1.6256,-0.040155,0,0.461742,-0.424068,1,1.41256,0.673623,2,0.868565,1.23996,3
1.65569,-0.0405571,0,0.461596,-0.423963,1,1.48306,-0.099501,-1,1.41396,0.674326,2,0.868695,1.24015,3
1.68146,-0.0462493,0,0.461702,-0.424007,1,1.49879,-0.105298,2,1.41293,0.673846,3,0.868257,1.23947,4
1.71145,-0.0471589,0,0.461721,-0.424033,1,1.52409,-0.107159,2,1.41344,0.674095,3,0.868254,1.23952,4
0.461398,-0.423808,1,1.5582,-0.109334,2,1.41409,0.674392,3,0.86121,1.23752,4
1.78658,-0.0498781,-1,0.46174,-0.424057,0,1.41419,0.674438,2,0.868919,1.24046,3
1.78952,-0.0560136,0,0.458607,-0.424137,1,1.63324,-0.119373,-1,1.4152,0.674968,2,0.86808,1.23927,3
0.461122,-0.423537,1,1.71867,-0.125918,0,1.41393,0.674312,2,0.868639,1.24,3
0.461646,-0.42395,0,1.83247,-0.149916,-1,1.41279,0.673805,2,0.868836,1.24033,3
0.461796,-0.424084,0,1.99851,-0.163657,-1,1.41252,0.673625,2,0.868058,1.23919,3,0.385566,1.21899,-1
0.461311,-0.423668,0,2.12272,-0.186175,-1,1.41395,0.67435,2,0.867555,1.23846,3
0.461121,-0.423593,0,2.22739,-0.208434,-1,1.41345,0.674087,2,0.869396,1.24107,3
0.461456,-0.423834,0,2.30075,-0.215183,1,1.41428,0.674489,2,0.860654,1.23674,3
0.461031,-0.423445,0,2.35563,-0.220235,1,1.41406,0.67437,2,0.860898,1.23708,3
2.19193,-0.0820617,-1,0.461554,-0.42389,0,1.41422,0.674452,2,0.869508,1.24127,3
2.20755,-0.0881248,0,0.461713,-0.424041,1,1.41508,0.674891,2,0.869408,1.24111,3
2.22322,-0.100036,0,0.461872,-0.424206,1,1.41441,0.674558,2,0.868925,1.24046,3
2.26879,-0.119237,0,0.461378,-0.423732,1,1.41438,0.674526,2,0.86892,1.24046,3
0.461712,-0.423998,1,2.45175,-0.250908,-1,1.4149,0.674774,2,0.869142,1.24073,3
2.31848,-0.126378,-1,0.461437,-0.423766,0,1.41459,0.674667,2,0.868173,1.23934,3
0.461051,-0.423419,1,2.46724,-0.267082,-1,1.41434,0.674539,2,0.868872,1.2404,3
2.41376,-0.151188,-1,0.461684,-0.424043,0,1.41393,0.674308,2,0.868416,1.23969,3
2.50537,-0.169626,0,0.461793,-0.424144,1,1.41399,0.674349,2,0.868721,1.24009,3
2.55829,-0.171076,0,0.462119,-0.424527,1,1.41171,0.673243,2,0.868071,1.23923,3
2.61505,-0.188078,0,0.461597,-0.423948,1,1.41495,0.674831,2,0.868356,1.23964,3
2.65633,-0.206233,0,0.462118,-0.424396,1,1.4156,0.675134,2,0.869485,1.24124,3
2.68242,-0.215441,0,0.4614,-0.423717,1,2.51163,-0.264253,-1,1.41338,0.674061,2,0.868297,1.23959,3
2.69706,-0.231812,0,0.461804,-0.424101,1,2.53831,-0.27473,2,1.41316,0.673949,3,0.868784,1.24023,4
2.71284,-0.242708,0,0.461444,-0.423732,1,2.54504,-0.283352,2,1.41448,0.674576,3,0.869387,1.24112,4
2.7466,-0.237038,0,0.46122,-0.423576,1,2.5567,-0.276876,2,1.41351,0.674111,3,0.86755,1.23847,4
2.77345,-0.239426,0,0.461938,-0.424194,1,2.58584,-0.27999,2,1.41299,0.673879,3,0.861446,1.23786,4
2.8152,-0.250766,0,0.461544,-0.4239,1,2.62084,-0.299424,2,1.41374,0.674225,3,0.86867,1.24008,4
2.87686,-0.263413,0,0.461729,-0.424027,1,2.65725,-0.327196,2,1.41377,0.674244,3,0.868104,1.23925,4
2.85358,-0.272918,0,0.461639,-0.423989,1,2.71958,-0.326944,2,1.41442,0.674531,3,0.867934,1.23904,4
2.93143,-0.280471,0,0.461544,-0.423945,1,2.82057,-0.347055,0,1.41468,0.674727,3,0.868463,1.23984,4
3.02896,-0.27893,0,0.461504,-0.423814,1,1.41376,0.674262,3,0.87002,1.24204,4
3.02896,-0.27893,0,0.461504,-0.423814,1,1.41376,0.674262,2,0.87002,1.24204,3
0.461541,-0.423994,1,3.06265,-0.187975,0,1.4127,0.673745,2,0.86112,1.23743,3
0.462047,-0.424382,0,3.06689,-0.188308,1,1.41377,0.67423,2,0.869169,1.24076,3
3.16825,-0.293957,-1,0.462249,-0.424579,0,1.41442,0.67453,2,0.868323,1.23952,3
3.18863,-0.309564,0,0.461367,-0.423681,1,1.41443,0.674595,2,0.868324,1.23966,3
0.461722,-0.424108,1,3.10547,-0.20864,-1,1.41473,0.674706,2,0.868675,1.24007,3
0.461722,-0.424108,0,3.10547,-0.20864,1,1.41473,0.674706,2,0.868675,1.24007,3
0.461882,-0.424209,0,3.16478,-0.231284,1,1.4143,0.674542,2,0.868484,1.23978,3
3.26512,-0.343427,-1,0.461623,-0.423962,0,1.41288,0.673857,2,0.869716,1.2416,3
3.27715,-0.320652,0,0.462164,-0.424494,1,1.4136,0.674168,2,0.869604,1.24144,3
3.32406,-0.32446,0,0.461545,-0.423871,1,1.41479,0.674741,2,0.869071,1.24055,3
3.41771,-0.342986,0,0.461777,-0.424119,1,1.41273,0.673677,2,0.86208,1.23869,3,0.386329,1.22144,-1
0.461947,-0.424346,1,3.36025,-0.463006,-1,1.4141,0.67437,2,0.869364,1.241,3,0.386079,1.22073,4
3.53826,-0.410987,-1,0.461752,-0.424027,0,3.36397,-0.463473,1,1.41364,0.674174,2,0.868518,1.23981,3
0.461919,-0.424215,1,2.06324,-0.799527,-1,3.36216,-0.463179,2,1.41378,0.674217,3,0.8677,1.23869,4
0.462097,-0.424504,0,1.41332,0.674026,3,0.868465,1.2397,4
0.462273,-0.424594,0,3.41751,-0.450535,-1,1.41425,0.674479,1,0.869138,1.24073,2
0.462253,-0.424542,0,1.4137,0.674212,2,0.869091,1.24072,3
3.60594,-0.397913,-1,0.462122,-0.424437,0,3.45661,-0.445412,-1,1.4133,0.67406,1,0.869848,1.24174,2
3.60556,-0.387391,0,0.461803,-0.424148,1,3.43917,-0.443296,2,1.41376,0.674246,3,0.870014,1.24204,4
0.461381,-0.423664,1,2.06418,-0.799888,-1,3.42771,-0.421661,2,1.41386,0.674301,3,0.869264,1.24093,4
0.461738,-0.424117,0,3.40764,-0.378727,2,1.41373,0.674233,3,0.868404,1.23965,4
0.461493,-0.423911,0,3.39169,-0.337214,1,1.41188,0.673299,2,0.868861,1.24032,3
0.461307,-0.42363,0,3.3915,-0.277633,1,1.41385,0.674308,2,0.869242,1.24085,3
0.461307,-0.42363,0,3.3915,-0.277633,1,1.41385,0.674308,2,0.869242,1.24085,3
0.461792,-0.424061,0,3.4289,-0.200627,1,1.41264,0.673695,2,0.868729,1.24017,3
0.461768,-0.424023,0,3.41785,-0.199926,1,1.41524,0.674963,2,0.868107,1.23925,3
0.462241,-0.424601,0,3.3981,-0.198823,1,1.41444,0.674567,2,0.869263,1.24093,3
3.51091,-0.259502,-1,0.461074,-0.423483,0,1.41356,0.674098,2,0.868969,1.24048,3
0.461904,-0.424246,1,3.36986,-0.197154,-1,1.41242,0.673583,2,0.86886,1.24032,3
0.46186,-0.424146,0,3.34205,-0.20493,1,1.41329,0.673998,2,0.86836,1.23964,3
0.461671,-0.423969,0,3.34941,-0.195827,1,1.41341,0.67408,2,0.869031,1.24057,3
3.37939,-0.307615,-1,0.461954,-0.424177,0,1.41462,0.6747,2,0.868415,1.23964,3
3.31192,-0.304486,0,0.461494,-0.423838,1,1.4137,0.674208,2,0.86862,1.24002,3
0.461693,-0.424108,1,3.34299,-0.195526,-1,1.41364,0.674181,2,0.861358,1.23767,3
3.17697,-0.309802,-1,0.461693,-0.424002,0,1.41447,0.674583,2,0.86778,1.23882,3
3.1073,-0.313183,0,0.462045,-0.424314,1,1.41453,0.674628,2,0.861054,1.23732,3
3.10247,-0.301232,0,0.461544,-0.423814,1,1.4139,0.674294,2,0.868975,1.24052,3
3.08171,-0.300266,0,0.461418,-0.423747,1,1.41431,0.674513,2,0.869313,1.24099,3,0.394818,1.23678,-1
3.04791,-0.306975,0,0.461559,-0.424001,1,1.41438,0.674529,2,0.869518,1.24131,3
3.02618,-0.303057,0,0.461733,-0.424096,1,1.41524,0.674964,2,0.868295,1.23954,3
2.99193,-0.300355,0,0.461769,-0.424143,1,1.41464,0.674658,2,0.868422,1.23969,3,0.394537,1.23589,-1
2.95803,-0.2975,0,0.462357,-0.424667,1,1.41378,0.674215,2,0.868343,1.2396,3
2.90181,-0.304294,0,0.461335,-0.423684,1,1.41464,0.674649,2,0.860223,1.23613,3
2.84588,-0.300189,0,0.461186,-0.423568,1,1.41365,0.674156,2,0.868666,1.23998,3
0.462322,-0.424632,1,2.79067,-0.392844,-1,1.41358,0.67413,2,0.869032,1.24057,3
0.461229,-0.423537,0,2.78457,-0.400261,1,1.41316,0.673946,2,0.868676,1.24007,3
2.68107,-0.263926,-1,0.461624,-0.423947,0,1.41486,0.674778,2,0.868614,1.23997,3
2.62021,-0.238445,0,0.462363,-0.424661,1,1.41421,0.674471,2,0.869952,1.24185,3
2.59821,-0.241377,0,0.46158,-0.423907,1,1.41492,0.674803,2,0.867477,1.23833,3
2.58222,-0.239884,0,0.461758,-0.424138,1,1.41303,0.673887,2,0.868887,1.24039,3
0.461211,-0.423614,1,2.73044,-0.376353,-1,1.41363,0.674192,2,0.868998,1.24055,3
2.53892,-0.213739,-1,0.461946,-0.424303,0,1.41348,0.674025,2,0.869369,1.24109,3
2.53892,-0.213739,0,0.461946,-0.424303,1,1.41348,0.674025,2,0.869369,1.24109,3
0.460937,-0.423325,1,2.59534,-0.350229,-1,1.41277,0.673765,2,0.867195,1.23796,3
0.460806,-0.423292,0,2.35774,-0.0624575,-1,1.4144,0.67458,2,0.868075,1.23922,3
0.460805,-0.423277,0,2.35149,-0.0623723,1,1.41245,0.673598,2,0.868298,1.23954,3
0.460682,-0.423057,0,0.866609,1.23715,3
0.460604,-0.423027,0,2.17394,-0.229062,-1,1.41326,0.673979,-1,0.867148,1.238,1
2.20297,-0.130761,-1,0.461085,-0.423517,0,1.41319,0.673966,2,0.868749,1.24021,3
2.13413,-0.119684,0,0.460892,-0.423284,1,1.97739,-0.179408,-1,1.41313,0.673919,2,0.860467,1.23646,3
0.460917,-0.423346,1,1.87797,-0.148386,-1,1.4135,0.674129,3,0.868711,1.24009,4
0.460522,-0.422951,0,1.81896,-0.127826,1,1.4123,0.673513,2,0.859946,1.23571,3
0.461386,-0.423733,0,1.80704,-0.100667,1,1.41274,0.673741,2,0.868927,1.24041,3,0.386118,1.22078,-1
0.46053,-0.423042,0,1.81458,-0.0849532,1,1.41377,0.674231,2,0.867495,1.23846,3
0.460731,-0.423209,0,1.79598,-0.078902,1,1.41443,0.674596,2,0.869636,1.24137,3
0.460655,-0.423102,0,1.77378,-0.0882822,1,1.41255,0.673644,2,0.868471,1.23984,3
0.460776,-0.423146,0,1.75504,-0.0869864,1,1.41382,0.674307,2,0.868357,1.23968,3
1.84207,-0.0495752,1,0.460417,-0.422935,0,1.7381,-0.0861405,1,1.41215,0.673481,2,0.868056,1.23924,3
1.82577,-0.0387436,0,0.460869,-0.423296,2,1.73366,-0.0909772,1,1.41213,0.67345,2,0.869489,1.24124,3
1.82577,-0.0387436,0,0.460869,-0.423296,1,1.73366,-0.0909772,2,1.41213,0.67345,3,0.869489,1.24124,4
1.72097,-0.0164952,2,0.460328,-0.422794,1,1.41061,0.67273,3,0.868109,1.23929,4
1.65661,-0.00347343,0,0.460974,-0.423415,1,1.41262,0.673667,2,0.859899,1.23569,3
1.5934,0.00429934,0,0.461045,-0.423398,1,1.41336,0.674017,2,0.868954,1.24053,3
1.52101,0.0162428,0,0.460904,-0.423287,1,1.41385,0.674318,2,0.868214,1.23946,3
1.46503,0.0132301,0,0.460186,-0.422699,1,1.41215,0.673413,2,0.869227,1.24086,3
1.42071,0.00429917,0,0.460741,-0.423138,1,1.41472,0.674733,2,0.86832,1.23957,3,0.385212,1.21786,-1
1.39663,0.0101773,0,0.460928,-0.423288,1,1.41248,0.67362,2,0.86726,1.2381,3
1.38191,0.0146886,0,0.460935,-0.42343,1,1.41175,0.673245,2,0.86763,1.23855,3
0.460999,-0.423364,1,1.27393,0.0626759,-1,1.41363,0.674201,2,0.868115,1.23929,3,0.385418,1.21845,-1
0.460448,-0.422883,0,1.26983,0.06997,1,1.4134,0.674093,2,0.868479,1.23983,3
0.46098,-0.423367,0,1.27413,0.0738575,1,1.4129,0.673818,2,0.867856,1.23891,3
0.460588,-0.423009,0,1.2801,0.0740071,1,1.41304,0.673866,2,0.867401,1.23824,3,0.385914,1.22006,-1
1.32658,0.0649334,1,0.460454,-0.422891,0,1.41239,0.673569,2,0.867332,1.23815,3
0.460663,-0.423063,1,1.28461,0.0779302,0,1.41348,0.674105,2,0.867383,1.23821,3
0.461362,-0.423706,0,1.29128,0.074518,1,1.41306,0.673903,2,0.867835,1.23897,3
0.461362,-0.423706,0,1.29128,0.074518,1,1.41306,0.673903,2,0.867835,1.23897,3
0.460479,-0.422836,0,1.32983,0.061527,1,1.41377,0.674226,2,0.868838,1.24033,3
0.460889,-0.423314,0,1.34677,0.0307379,1,1.41254,0.673661,2,0.867944,1.23903,3
0.461052,-0.423425,0,1.37252,-0.00102568,1,1.41345,0.67408,2,0.868722,1.24013,3
0.461052,-0.423425,0,1.37252,-0.00102568,1,1.41345,0.67408,2,0.868722,1.24013,3
1.56693,0.0410417,-1,0.460988,-0.423359,0,1.46019,-0.0302821,1,1.41325,0.673995,2,0.867555,1.23856,3
0.46126,-0.423654,1,1.57351,-0.0738667,-1,1.68233,0.122008,-1,1.41176,0.673311,3,0.868062,1.23919,4
0.460671,-0.423082,0,1.71562,-0.0954178,-1,1.68681,0.122371,2,1.41461,0.674707,3,0.868099,1.23925,4
0.460868,-0.423236,0,1.85456,-0.102913,-1,1.691,0.117794,2,1.41234,0.673579,3,0.868248,1.23948,4
0.458138,-0.42376,0,1.97554,-0.098065,-1,1.69789,0.118127,2,1.41357,0.67416,3,0.868223,1.23954,4,0.386259,1.2212,-1
0.461021,-0.423481,0,2.07591,-0.0848764,-1,1.71095,0.109098,2,1.41285,0.673757,3,0.868105,1.23925,4
0.460272,-0.422677,0,2.14099,-0.0689605,1,1.71981,0.109417,2,1.41287,0.673793,3,0.867564,1.23845,4
0.460582,-0.423091,0,1.73824,0.105605,2,1.41296,0.673868,3,0.860402,1.23631,4
0.461498,-0.423876,0,1.75768,0.101529,1,1.41312,0.673942,2,0.869158,1.24077,3
0.461119,-0.423491,0,1.41217,0.673448,2,0.867548,1.23842,3,0.386296,1.22145,-1
0.461254,-0.423744,0,2.24616,-0.0656438,-1,1.87191,0.107918,-1,1.41246,0.673584,1,0.868418,1.23969,2
0.461408,-0.423725,0,1.88609,0.119729,2,1.41425,0.674483,3,0.867958,1.23907,4
0.461108,-0.423477,0,2.26754,-0.0794589,-1,1.41337,0.674078,2,0.860381,1.23632,3
0.46101,-0.423451,0,2.20841,0.0893277,-1,1.41336,0.674095,2,0.86872,1.24013,3
0.460841,-0.423256,0,1.41321,0.674007,2,0.867976,1.23911,3
0.460841,-0.423256,0,1.41321,0.674007,1,0.867976,1.23911,2
0.461663,-0.424037,0,1.41235,0.673561,1,0.868156,1.23931,2
0.460917,-0.423361,0,2.32634,-0.0884249,-1,1.41355,0.674125,1,0.867724,1.23867,2
0.460768,-0.423139,0,2.35009,-0.103569,1,1.41331,0.67404,2,0.859208,1.23465,3
0.460768,-0.423139,0,2.35009,-0.103569,1,1.41331,0.67404,2,0.859208,1.23465,3
0.460768,-0.423139,0,2.35009,-0.103569,1,1.41331,0.67404,2,0.859208,1.23465,3
0.460768,-0.423139,0,2.35009,-0.103569,1,1.41331,0.67404,2,0.859208,1.23465,3
0.461621,-0.423978,0,2.51228,-0.16252,-1,1.41244,0.67363,2,0.868131,1.23928,3
2.64218,-0.191569,-1,0.4611,-0.423498,0,2.59833,-0.212847,1,1.41325,0.674002,2,0.868561,1.23996,3
2.64218,-0.191569,0,0.4611,-0.423498,2,2.59833,-0.212847,1,1.41325,0.674002,3,0.868561,1.23996,4
2.77125,-0.241073,-1,0.461454,-0.423765,1,2.69457,-0.316023,-1,1.41367,0.674188,3,0.868967,1.24043,4
0.461143,-0.423599,1,2.815,-0.514109,-1,2.88186,-0.15155,-1,1.4138,0.67425,3,0.86717,1.23798,4,0.385552,1.21893,-1
0.460893,-0.423356,0,2.84753,-0.571616,1,2.87275,-0.159652,2,1.41368,0.674179,3,0.868854,1.24027,4
0.461195,-0.423605,0,2.87325,-0.611559,1,2.88745,-0.168946,2,1.4128,0.673788,3,0.868608,1.23993,4
0.460813,-0.423282,0,2.87992,-0.621816,1,2.89806,-0.186573,2,1.41364,0.674179,3,0.868404,1.23974,4
2.90214,-0.419295,-1,0.460846,-0.423291,0,1.41252,0.673624,3,0.868391,1.23961,4
2.90928,-0.447366,0,0.460676,-0.423109,1,1.4128,0.673785,2,0.867744,1.23875,3
0.460616,-0.422995,1,2.87642,-0.691201,-1,2.96122,-0.320775,-1,0.867301,1.23812,3
0.460616,-0.422995,0,2.87642,-0.691201,1,2.96122,-0.320775,2,0.867301,1.23812,3
0.460685,-0.423082,0,2.87621,-0.691277,1,2.97348,-0.374898,2,1.41306,0.67389,-1,0.867293,1.23808,3
0.460685,-0.423082,0,2.87621,-0.691277,1,2.97348,-0.374898,2,1.41306,0.67389,3,0.867293,1.23808,4
0.460766,-0.423174,0,2.86746,-0.697924,1,1.41289,0.673851,3,0.867767,1.23883,4
0.460766,-0.423174,0,2.86746,-0.697924,1,1.41289,0.673851,2,0.867767,1.23883,3
0.460766,-0.423174,0,2.86746,-0.697924,1,1.41289,0.673851,2,0.867767,1.23883,3
0.46129,-0.423648,0,1.41366,0.674221,2,0.867429,1.23832,3
0.46129,-0.423648,0,1.41366,0.674221,1,0.867429,1.23832,2
0.460743,-0.423077,0,2.89612,-0.758631,-1,1.41443,0.674594,1,0.867774,1.23878,2
0.460743,-0.423077,0,2.89612,-0.758631,1,1.41443,0.674594,2,0.867774,1.23878,3
0.460743,-0.423077,0,2.89612,-0.758631,1,1.41443,0.674594,2,0.867774,1.23878,3
0.460743,-0.423077,0,2.89612,-0.758631,1,1.41443,0.674594,2,0.867774,1.23878,3
0.461245,-0.423591,0,1.41326,0.673981,2,0.868137,1.23927,3
0.460823,-0.423286,0,2.90251,-0.860681,-1,1.41222,0.673515,1,0.860075,1.23593,2,0.385894,1.22,-1
0.461156,-0.423469,0,1.41296,0.67386,2,0.867825,1.23893,3,0.385423,1.21838,4
0.460864,-0.423244,0,1.87748,-0.665562,-1,1.41326,0.673979,1,0.868698,1.2401,2
0.460789,-0.423203,0,1.87016,-0.663006,1,1.41323,0.673963,2,0.868675,1.24007,3
0.460345,-0.422791,0,1.87572,-0.664921,1,1.41322,0.673985,2,0.86819,1.23943,3
0.461083,-0.423416,0,0.869209,1.24082,3
0.461186,-0.423523,0,1.41322,0.673977,-1,0.867881,1.23894,1
0.461014,-0.423389,0,1.41336,0.674027,1,0.86083,1.23697,2
0.460575,-0.423013,0,1.41363,0.674205,1,0.867582,1.23858,2
0.461606,-0.423967,0,1.41387,0.67428,1,0.868298,1.23949,2
0.461542,-0.423918,0,1.41468,0.674659,1,0.868028,1.23912,2
0.460387,-0.42286,0,1.41364,0.674171,1,0.868241,1.23944,2
0.460387,-0.42286,0,1.41364,0.674171,1,0.868241,1.23944,2
0.460387,-0.42286,0,1.41364,0.674171,1,0.868241,1.23944,2
0.460896,-0.423267,0,1.85997,-0.658841,-1,1.41319,0.673959,1,0.869129,1.24074,2
0.460907,-0.423253,0,1.85961,-0.658726,1,1.41291,0.673798,2,0.868031,1.23916,3
0.461129,-0.423585,0,1.41282,0.673825,2,0.867873,1.23894,3
0.461005,-0.423445,0,1.41197,0.673365,1,0.867328,1.23815,2
0.460657,-0.4231,0,1.41148,0.67315,1,0.868303,1.23953,2
0.460909,-0.423312,0,1.41223,0.673478,1,0.860363,1.23633,2
0.460897,-0.42322,0,1.41331,0.674033,1,0.867712,1.23873,2
0.461016,-0.423458,0,1.4126,0.673706,1,0.867688,1.23865,2
0.461634,-0.423996,0,1.41277,0.673769,1,0.868208,1.23932,2
0.460632,-0.423139,0,1.41283,0.673798,1,0.861071,1.23736,2
0.460632,-0.423139,0,1.41283,0.673798,1,0.861071,1.23736,2
0.460632,-0.423139,0,1.41283,0.673798,1,0.861071,1.23736,2
0.460632,-0.423139,0,1.41283,0.673798,1,0.861071,1.23736,2
0.46061,-0.423104,0,1.4128,0.673774,1,0.867946,1.23908,2
0.460568,-0.42305,0,1.4134,0.674093,1,0.868433,1.23972,2
0.461235,-0.423634,0,1.41183,0.673337,1,0.859553,1.23512,2
0.46087,-0.423383,0,1.41146,0.673099,1,0.86883,1.24029,2
0.461024,-0.42346,0,1.41399,0.674355,1,0.868633,1.23996,2
0.460899,-0.423395,0,1.41284,0.673776,1,0.86057,1.2366,2
0.460978,-0.423381,0,1.41328,0.674019,1,0.8602,1.23604,2,0.385348,1.21827,-1
0.460978,-0.423381,0,1.41328,0.674019,1,0.8602,1.23604,2,0.385348,1.21827,3
0.460122,-0.422594,0,1.41322,0.673988,1,0.868113,1.23929,2
0.461018,-0.423416,0,1.41406,0.67438,1,0.866957,1.23761,2
0.460879,-0.423223,0,1.41316,0.673947,1,0.861334,1.23764,2
0.460718,-0.423121,0,1.41318,0.673986,1,0.867541,1.23842,2
0.460718,-0.423121,0,1.41318,0.673986,1,0.867541,1.23842,2
0.461069,-0.423476,0,1.41403,0.67436,1,0.860393,1.23631,2
0.461203,-0.423591,0,1.41407,0.674364,1,0.868393,1.23966,2
0.461128,-0.423545,0,1.41415,0.674429,1,0.867487,1.23832,2
0.460355,-0.422763,0,1.41344,0.674104,1,0.867478,1.23837,2
0.461011,-0.423405,0,1.41304,0.673865,1,0.868215,1.23941,2
0.460865,-0.423254,0,1.41308,0.673931,1,0.867382,1.23825,2
0.458187,-0.423781,0,1.41422,0.674456,1,0.861495,1.23793,2
0.461596,-0.423933,0,1.41379,0.674277,1,0.86799,1.23914,2
0.461292,-0.423662,0,1.41357,0.674165,1,0.868333,1.23956,2
0.461044,-0.423473,0,0.868026,1.23921,2
0.460618,-0.422947,0,1.41316,0.673944,-1,0.868005,1.23913,1
0.460297,-0.422724,0,1.4133,0.673978,1,0.868172,1.23939,2
0.461216,-0.42345,0,1.41325,0.674004,1,0.86924,1.2408,2
0.460927,-0.423276,0,1.41383,0.674279,1,0.860578,1.23664,2
0.461464,-0.423826,0,1.41215,0.673475,1,0.868089,1.23921,2
0.46116,-0.423598,0,1.41373,0.674242,1,0.867853,1.23896,2
0.461527,-0.423902,0,1.4129,0.673827,1,0.861302,1.23761,2
0.461119,-0.423522,0,1.4135,0.67413,1,0.868211,1.23941,2
0.461087,-0.423532,0,1.41461,0.674628,1,0.868021,1.23912,2
0.461374,-0.423821,0,1.41354,0.674128,1,0.861446,1.23781,2
0.461398,-0.423762,0,1.41276,0.673777,1,0.867092,1.23785,2,0.385557,1.21899,-1
0.461326,-0.423622,0,1.4139,0.674305,1,0.868722,1.24018,2
0.461052,-0.423463,0,1.41289,0.673834,1,0.868422,1.23973,2
0.46161,-0.423946,0,1.41355,0.674192,1,0.867562,1.23846,2
0.461154,-0.423664,0,1.41419,0.674435,1,0.869236,1.2409,2
0.461254,-0.423571,0,1.41516,0.674893,1,0.868599,1.23998,2
0.461347,-0.423703,0,1.41431,0.674513,1,0.861017,1.23725,2
0.461347,-0.423703,0,1.41431,0.674513,1,0.861017,1.23725,2
0.461347,-0.423703,0,1.41431,0.674513,1,0.861017,1.23725,2
